番号,地点名,緯度,経度,標高,年数,1月,2月,3月,4月,5月,6月,7月,8月,9月,10月,11月,12月,通年
11016,稚内　　　　　　　　,45.415,141.678,3,30,89,141,100,5,0,0,0,0,0,0,1,18,354
11061,声問　　　　　　　　,45.403,141.802,8,15,59,69,55,0,0,0,0,0,0,0,0,3,186
11076,浜鬼志別　　　　　　,45.335,142.17,13,30,141,173,148,4,0,0,0,0,0,0,1,37,506
11121,沼川　　　　　　　　,45.248,141.852,23,30,256,273,260,37,0,0,0,0,0,0,5,85,915
11176,豊富　　　　　　　　,45.102,141.78,14,30,187,240,188,15,0,0,0,0,0,0,4,44,668
11276,中頓別　　　　　　　,44.965,142.28,25,30,287,283,291,94,0,0,0,0,0,0,7,136,1094
11291,北見枝幸　　　　　　,44.94,142.585,7,30,226,270,268,34,0,0,0,0,0,0,2,48,839
11316,歌登　　　　　　　　,44.842,142.48,14,30,308,281,306,111,0,0,0,0,0,0,9,159,1177
12041,音威子府　　　　　　,44.727,142.265,40,30,309,283,310,193,2,0,0,0,0,0,16,223,1334
12141,美深　　　　　　　　,44.48,142.342,77,30,299,282,304,93,0,0,0,0,0,0,10,199,1181
12181,名寄　　　　　　　　,44.37,142.457,89,30,267,270,275,49,0,0,0,0,0,0,3,116,973
12231,下川　　　　　　　　,44.295,142.637,143,30,265,275,289,93,0,0,0,0,0,0,2,97,1034
12301,和寒　　　　　　　　,44.028,142.41,150,30,232,256,246,38,0,0,0,0,0,0,3,103,874
12411,上川　　　　　　　　,43.847,142.753,324,30,237,267,259,36,0,0,0,0,0,0,0,73,872
12442,旭川　　　　　　　　,43.757,142.372,120,30,195,242,196,18,0,0,0,0,0,0,0,50,699
12471,層雲峡　　　　　　　,43.753,142.93,540,30,285,278,308,155,3,0,0,0,0,0,13,167,1198
12501,東神楽　　　　　　　,43.67,142.447,211,15,25,97,76,7,0,0,0,0,0,0,0,10,216
12551,美瑛　　　　　　　　,43.588,142.493,250,30,164,233,198,15,0,0,0,0,0,0,0,32,626
12626,富良野　　　　　　　,43.333,142.4,174,30,153,220,158,6,0,0,0,0,0,0,0,22,550
12691,幾寅　　　　　　　　,43.168,142.568,350,30,129,231,204,18,0,0,0,0,0,0,0,23,625
12746,占冠　　　　　　　　,42.978,142.395,332,30,187,258,258,37,0,0,0,0,0,0,0,24,770
13121,初山別　　　　　　　,44.523,141.77,27,30,132,187,119,4,0,0,0,0,0,0,0,28,502
13181,羽幌　　　　　　　　,44.363,141.7,8,30,217,261,192,11,0,0,0,0,0,0,0,58,736
13206,古丹別　　　　　　　,44.265,141.722,15,30,259,273,269,44,0,0,0,0,0,0,0,75,952
13277,留萌　　　　　　　　,43.945,141.632,24,30,138,193,133,7,0,0,0,0,0,0,0,32,500
14071,厚田　　　　　　　　,43.397,141.437,5,30,226,269,248,28,0,0,0,0,0,0,3,67,816
14101,新篠津　　　　　　　,43.22,141.645,9,30,246,274,261,28,0,0,0,0,0,0,0,92,894
14121,石狩　　　　　　　　,43.193,141.37,5,30,217,277,250,30,0,0,0,0,0,0,0,35,794
14163,札幌　　　　　　　　,43.06,141.328,17,30,173,260,187,8,0,0,0,0,0,0,0,29,657
14191,小金湯　　　　　　　,42.963,141.217,230,30,262,281,288,57,0,0,0,0,0,0,0,67,949
14206,恵庭島松　　　　　　,42.927,141.565,30,30,103,221,135,0,0,0,0,0,0,0,0,15,458
14296,千歳　　　　　　　　,42.775,141.692,22,15,24,31,19,0,0,0,0,0,0,0,0,0,74
15041,朱鞠内　　　　　　　,44.282,142.162,255,30,310,283,310,268,34,0,0,0,0,0,49,280,1520
15076,幌加内　　　　　　　,44.01,142.16,159,30,309,283,310,193,4,0,0,0,0,0,36,252,1376
15161,深川　　　　　　　　,43.718,142.073,55,30,250,269,240,33,0,0,0,0,0,0,2,77,863
15241,滝川　　　　　　　　,43.57,141.938,50,30,256,274,261,38,0,0,0,0,0,0,2,108,930
15251,芦別　　　　　　　　,43.52,142.19,91,30,160,200,136,5,0,0,0,0,0,0,0,33,536
15321,美唄　　　　　　　　,43.363,141.827,16,30,243,249,225,20,0,0,0,0,0,0,2,110,842
15356,岩見沢　　　　　　　,43.212,141.785,42,30,240,260,221,21,0,0,0,0,0,0,2,83,819
15442,夕張　　　　　　　　,43.038,141.957,293,30,260,275,283,68,0,0,0,0,0,0,4,91,975
16076,余市　　　　　　　　,43.182,140.758,20,30,249,268,259,44,0,0,0,0,0,0,1,58,878
16091,小樽　　　　　　　　,43.182,141.015,25,30,237,275,251,27,0,0,0,0,0,0,0,42,833
16126,赤井川　　　　　　　,43.083,140.82,148,30,284,280,295,112,0,0,0,0,0,0,3,112,1085
16156,共和　　　　　　　　,42.98,140.603,15,30,224,234,178,10,0,0,0,0,0,0,1,69,719
16206,蘭越　　　　　　　　,42.81,140.542,39,30,239,267,255,34,0,0,0,0,0,0,0,65,857
16217,倶知安　　　　　　　,42.9,140.757,176,30,306,283,306,107,0,0,0,0,0,0,6,172,1177
16252,寿都　　　　　　　　,42.795,140.223,33,30,76,157,76,0,0,0,0,0,0,0,0,6,324
16286,喜茂別　　　　　　　,42.793,140.948,264,30,301,283,307,116,0,0,0,0,0,0,1,119,1123
16321,黒松内　　　　　　　,42.663,140.31,27,30,221,271,251,30,0,0,0,0,0,0,0,47,820
17036,雄武　　　　　　　　,44.58,142.963,14,30,68,131,99,3,0,0,0,0,0,0,1,13,319
17091,西興部　　　　　　　,44.332,142.935,120,30,198,257,250,32,0,0,0,0,0,0,4,43,784
17112,紋別　　　　　　　　,44.345,143.355,16,30,30,71,58,0,0,0,0,0,0,0,0,4,163
17116,紋別小向　　　　　　,44.303,143.403,18,13,111,165,148,6,0,0,0,0,0,0,0,18,464
17196,滝上　　　　　　　　,44.177,143.062,165,30,172,248,215,16,0,0,0,0,0,0,4,50,705
17306,遠軽　　　　　　　　,44.053,143.54,80,30,107,191,140,2,0,0,0,0,0,0,0,21,468
17316,佐呂間　　　　　　　,44.018,143.76,54,30,140,229,197,15,0,0,0,0,0,0,0,25,606
17341,網走　　　　　　　　,44.017,144.278,38,30,48,96,73,0,0,0,0,0,0,0,0,5,208
17351,宇登呂　　　　　　　,44.052,144.982,144,30,166,258,285,92,1,0,0,0,0,0,0,22,836
17482,白滝　　　　　　　　,43.865,143.153,475,28,125,204,209,19,0,0,0,0,0,0,0,28,597
17521,北見　　　　　　　　,43.777,143.842,104,30,96,156,127,3,0,0,0,0,0,0,0,19,424
17531,女満別　　　　　　　,43.88,144.163,33,15,25,62,49,0,0,0,0,0,0,0,0,7,143
17561,斜里　　　　　　　　,43.885,144.7,15,30,99,191,219,33,0,0,0,0,0,0,0,10,553
17596,留辺蘂　　　　　　　,43.742,143.45,325,30,79,146,136,5,0,0,0,0,0,0,0,21,390
17717,津別　　　　　　　　,43.702,144.033,100,30,125,196,138,2,0,0,0,0,0,0,0,19,480
18038,羅臼　　　　　　　　,44.023,145.187,15,16,98,140,151,25,0,0,0,0,0,0,0,6,419
18171,中標津　　　　　　　,43.543,144.978,50,30,60,157,144,14,0,0,0,0,0,0,0,1,376
18174,根室中標津　　　　　,43.577,144.96,65,15,19,114,124,9,0,0,0,0,0,0,0,0,266
18256,別海　　　　　　　　,43.382,145.118,23,30,24,87,87,3,0,0,0,0,0,0,0,1,206
18273,根室　　　　　　　　,43.33,145.585,25,30,1,1,6,2,0,0,0,0,0,0,0,0,10
18311,厚床　　　　　　　　,43.222,145.227,41,30,16,56,50,2,0,0,0,0,0,0,0,1,131
19021,川湯　　　　　　　　,43.617,144.457,158,30,148,240,229,59,0,0,0,0,0,0,0,21,720
19076,阿寒湖畔　　　　　　,43.437,144.083,426,30,192,262,283,98,0,0,0,0,0,0,0,38,864
19151,標茶　　　　　　　　,43.292,144.587,20,30,33,72,82,6,0,0,0,0,0,0,0,3,196
19191,鶴居　　　　　　　　,43.232,144.325,38,30,27,66,68,2,0,0,0,0,0,0,0,0,164
19261,中徹別　　　　　　　,43.198,144.142,80,30,63,122,97,6,0,0,0,0,0,0,0,4,292
19347,鶴丘　　　　　　　　,43.04,144.192,95,15,12,29,41,0,0,0,0,0,0,0,0,1,83
19376,太田　　　　　　　　,43.09,144.778,85,30,38,83,73,2,0,0,0,0,0,0,0,1,187
19416,白糠　　　　　　　　,42.97,144.062,9,30,8,32,46,1,0,0,0,0,0,0,0,0,86
19432,釧路　　　　　　　　,42.985,144.377,5,30,3,5,2,0,0,0,0,0,0,0,0,0,10
20146,陸別　　　　　　　　,43.472,143.753,210,30,85,147,125,1,0,0,0,0,0,0,0,20,378
20186,ぬかびら源泉郷　　　,43.367,143.192,540,30,186,255,259,72,0,0,0,0,0,0,0,53,826
20266,上士幌　　　　　　　,43.242,143.295,287,30,24,67,52,1,0,0,0,0,0,0,0,0,149
20341,本別　　　　　　　　,43.132,143.6,67,30,26,47,26,0,0,0,0,0,0,0,0,1,100
20356,新得　　　　　　　　,43.077,142.84,178,30,55,142,103,1,0,0,0,0,0,0,0,10,297
20421,芽室　　　　　　　　,42.9,143.043,90,30,91,170,117,2,0,0,0,0,0,0,0,19,399
20432,帯広　　　　　　　　,42.922,143.212,38,30,67,108,75,0,0,0,0,0,0,0,0,12,262
20506,浦幌　　　　　　　　,42.808,143.657,20,30,22,53,26,0,0,0,0,0,0,0,0,0,101
20551,帯広泉　　　　　　　,42.733,143.217,149,15,143,221,185,8,0,0,0,0,0,0,1,39,600
20601,上札内　　　　　　　,42.642,143.097,251,30,149,214,206,21,0,0,0,0,0,0,1,31,622
20696,大樹　　　　　　　　,42.5,143.273,87,30,132,227,189,12,0,0,0,0,0,0,0,23,582
20751,広尾　　　　　　　　,42.293,143.317,32,30,105,186,150,5,0,0,0,0,0,0,0,12,458
21031,安平　　　　　　　　,42.815,141.828,33,30,63,128,83,0,0,0,0,0,0,0,0,8,288
21126,穂別　　　　　　　　,42.762,142.143,56,30,32,78,34,0,0,0,0,0,0,0,0,1,148
21161,大滝　　　　　　　　,42.67,141.078,390,30,270,282,302,102,0,0,0,0,0,0,0,69,1018
21187,苫小牧　　　　　　　,42.623,141.547,6,30,0,2,0,0,0,0,0,0,0,0,0,0,2
21226,大岸　　　　　　　　,42.59,140.643,4,30,90,180,113,0,0,0,0,0,0,0,0,4,385
21261,白老　　　　　　　　,42.543,141.352,6,30,0,1,0,0,0,0,0,0,0,0,0,0,1
21312,登別　　　　　　　　,42.458,141.118,197,30,67,186,174,10,0,0,0,0,0,0,0,0,438
21323,室蘭　　　　　　　　,42.312,140.975,40,30,0,0,0,0,0,0,0,0,0,0,0,0,0
22036,日高　　　　　　　　,42.877,142.442,280,30,140,237,200,12,0,0,0,0,0,0,0,10,613
22106,旭　　　　　　　　　,42.628,142.393,245,17,14,44,21,0,0,0,0,0,0,0,0,0,84
22241,静内　　　　　　　　,42.343,142.362,10,30,0,0,0,0,0,0,0,0,0,0,0,0,0
22306,中杵臼　　　　　　　,42.223,142.948,98,30,36,114,69,0,0,0,0,0,0,0,0,2,201
22327,浦河　　　　　　　　,42.162,142.777,37,30,0,0,0,0,0,0,0,0,0,0,0,0,0
22356,目黒　　　　　　　　,42.128,143.312,7,30,79,170,148,5,0,0,0,0,0,0,0,6,421
23031,長万部　　　　　　　,42.517,140.373,6,30,69,163,95,0,0,0,0,0,0,0,0,2,329
23086,八雲　　　　　　　　,42.252,140.272,8,30,94,197,108,0,0,0,0,0,0,0,0,5,404
23166,森　　　　　　　　　,42.067,140.588,125,19,67,130,75,0,0,0,0,0,0,0,0,5,283
23191,大沼　　　　　　　　,41.977,140.715,165,30,47,131,74,0,0,0,0,0,0,0,0,6,254
23232,函館　　　　　　　　,41.817,140.753,35,30,6,25,12,0,0,0,0,0,0,0,0,0,43
23281,高松　　　　　　　　,41.77,140.822,34,15,0,11,1,0,0,0,0,0,0,0,0,0,12
23356,千軒　　　　　　　　,41.558,140.272,100,30,220,275,262,43,0,0,0,0,0,0,0,24,824
24051,今金　　　　　　　　,42.428,140.008,19,30,163,244,181,5,0,0,0,0,0,0,0,14,607
24141,熊石　　　　　　　　,42.128,139.985,12,30,18,54,9,0,0,0,0,0,0,0,0,2,77
24201,鶉　　　　　　　　　,41.93,140.312,53,30,111,202,120,3,0,0,0,0,0,0,0,10,425
24217,江差　　　　　　　　,41.867,140.123,4,30,0,0,0,0,0,0,0,0,0,0,0,0,0
31001,大間　　　　　　　　,41.527,140.912,14,30,0,3,1,0,0,0,0,0,0,0,0,0,4
31111,むつ　　　　　　　　,41.283,141.21,3,30,23,68,31,0,0,0,0,0,0,0,0,1,124
31136,今別　　　　　　　　,41.18,140.482,30,30,101,180,84,5,0,0,0,0,0,0,0,9,388
31156,脇野沢　　　　　　　,41.145,140.822,15,30,60,108,43,3,0,0,0,0,0,0,0,6,221
31296,五所川原　　　　　　,40.808,140.458,9,30,105,188,70,1,0,0,0,0,0,0,0,6,374
31312,青森　　　　　　　　,40.822,140.768,3,30,150,213,107,4,0,0,0,0,0,0,1,32,505
31366,鰺ケ沢　　　　　　　,40.777,140.205,40,30,41,56,19,0,0,0,0,0,0,0,0,3,119
31436,深浦　　　　　　　　,40.645,139.932,66,30,10,24,5,0,0,0,0,0,0,0,0,1,40
31461,弘前　　　　　　　　,40.612,140.455,30,30,109,195,96,2,0,0,0,0,0,0,0,13,422
31482,酸ケ湯　　　　　　　,40.648,140.848,890,30,308,282,308,295,162,2,0,0,0,0,44,257,1662
31586,十和田　　　　　　　,40.607,141.233,55,30,2,26,16,0,0,0,0,0,0,0,0,0,44
31602,八戸　　　　　　　　,40.527,141.522,27,30,1,1,1,0,0,0,0,0,0,0,0,0,2
31646,碇ケ関　　　　　　　,40.482,140.62,135,30,138,226,131,2,0,0,0,0,0,0,0,10,514
31721,三戸　　　　　　　　,40.383,141.257,60,30,3,16,14,0,0,0,0,0,0,0,0,0,33
32111,能代　　　　　　　　,40.198,140.032,6,30,15,14,1,0,0,0,0,0,0,0,0,2,32
32126,鷹巣　　　　　　　　,40.227,140.372,29,30,89,150,45,0,0,0,0,0,0,0,0,6,290
32146,鹿角　　　　　　　　,40.215,140.787,123,30,71,120,41,0,0,0,0,0,0,0,0,13,248
32296,五城目　　　　　　　,39.938,140.115,6,30,37,70,12,0,0,0,0,0,0,0,0,3,122
32311,阿仁合　　　　　　　,39.993,140.403,120,30,208,256,190,12,0,0,0,0,0,0,0,35,699
32402,秋田　　　　　　　　,39.717,140.098,6,30,12,11,1,0,0,0,0,0,0,0,0,3,28
32466,角館　　　　　　　　,39.603,140.557,56,30,161,230,148,5,0,0,0,0,0,0,0,20,549
32496,大正寺　　　　　　　,39.527,140.233,20,30,99,164,59,0,0,0,0,0,0,0,0,10,339
32571,本荘　　　　　　　　,39.36,140.055,11,30,9,8,1,0,0,0,0,0,0,0,2,0,19
32596,横手　　　　　　　　,39.32,140.555,59,30,202,236,126,1,0,0,0,0,0,0,1,47,604
32626,矢島　　　　　　　　,39.235,140.137,46,30,187,230,121,2,0,0,0,0,0,0,2,34,585
32691,湯沢　　　　　　　　,39.187,140.463,74,30,162,201,102,3,0,0,0,0,0,0,0,40,504
32771,湯の岱　　　　　　　,38.96,140.528,335,30,234,275,242,30,0,0,0,0,0,0,1,61,822
33071,二戸　　　　　　　　,40.298,141.298,87,30,2,4,5,0,0,0,0,0,0,0,0,0,13
33146,久慈　　　　　　　　,40.168,141.748,13,30,1,2,2,0,0,0,0,0,0,0,0,0,6
33176,奥中山　　　　　　　,40.06,141.225,430,30,134,237,147,3,0,0,0,0,0,0,0,14,536
33186,葛巻　　　　　　　　,40.04,141.457,418,30,19,18,9,0,0,0,0,0,0,0,0,1,41
33226,岩手松尾　　　　　　,39.952,141.065,275,30,5,7,0,0,0,0,0,0,0,0,0,0,12
33326,岩泉　　　　　　　　,39.847,141.795,105,30,1,6,5,0,0,0,0,0,0,0,0,0,13
33421,雫石　　　　　　　　,39.697,140.975,195,30,46,98,31,0,0,0,0,0,0,0,0,4,178
33431,盛岡　　　　　　　　,39.698,141.165,155,30,4,5,0,0,0,0,0,0,0,0,0,3,12
33441,区界　　　　　　　　,39.65,141.353,734,30,107,239,211,19,0,0,0,0,0,0,0,9,573
33472,宮古　　　　　　　　,39.647,141.965,43,30,0,0,1,0,0,0,0,0,0,0,0,0,1
33631,湯田　　　　　　　　,39.31,140.777,250,30,263,281,293,93,0,0,0,0,0,0,3,95,1041
33671,遠野　　　　　　　　,39.338,141.543,275,30,0,0,1,0,0,0,0,0,0,0,0,0,1
33716,北上　　　　　　　　,39.288,141.11,61,30,1,3,0,0,0,0,0,0,0,0,0,1,5
33831,祭畤　　　　　　　　,39.012,140.865,350,30,238,271,238,24,0,0,0,0,0,0,1,73,840
33877,大船渡　　　　　　　,39.063,141.713,37,30,0,0,0,0,0,0,0,0,0,0,0,0,0
33911,一関　　　　　　　　,38.933,141.125,32,30,0,0,0,0,0,0,0,0,0,0,0,0,0
34012,駒ノ湯　　　　　　　,38.913,140.828,532,24,226,267,222,24,0,0,0,0,0,0,0,57,790
34096,川渡　　　　　　　　,38.743,140.76,170,30,46,67,13,0,0,0,0,0,0,0,0,9,133
34216,古川　　　　　　　　,38.598,140.912,28,30,4,1,0,0,0,0,0,0,0,0,0,0,5
34292,石巻　　　　　　　　,38.427,141.298,43,30,0,0,0,0,0,0,0,0,0,0,0,0,0
34311,新川　　　　　　　　,38.303,140.637,265,30,1,3,1,0,0,0,0,0,0,0,0,1,4
34392,仙台　　　　　　　　,38.262,140.897,39,30,0,0,0,0,0,0,0,0,0,0,0,0,0
34461,白石　　　　　　　　,38.015,140.612,86,30,0,0,0,0,0,0,0,0,0,0,0,0,0
35052,酒田　　　　　　　　,38.908,139.843,3,30,1,1,0,0,0,0,0,0,0,0,0,0,2
35116,金山　　　　　　　　,38.878,140.332,170,30,210,268,219,20,0,0,0,0,0,0,0,42,758
35146,狩川　　　　　　　　,38.8,139.973,17,30,67,119,56,0,0,0,0,0,0,0,0,10,263
35162,新庄　　　　　　　　,38.757,140.312,105,30,207,256,156,9,0,0,0,0,0,0,0,50,672
35176,向町　　　　　　　　,38.758,140.517,212,30,203,259,190,17,0,0,0,0,0,0,0,43,700
35201,櫛引　　　　　　　　,38.672,139.848,33,30,77,113,40,0,0,0,0,0,0,0,0,11,240
35216,肘折　　　　　　　　,38.607,140.163,330,30,306,283,309,237,22,0,0,0,0,0,6,163,1320
35231,尾花沢　　　　　　　,38.608,140.412,106,30,211,254,188,20,0,0,0,0,0,0,0,66,732
35361,大井沢　　　　　　　,38.39,139.993,440,30,291,283,306,190,8,0,0,0,0,0,2,127,1222
35376,左沢　　　　　　　　,38.37,140.192,133,30,86,137,48,0,0,0,0,0,0,0,0,12,280
35426,山形　　　　　　　　,38.255,140.345,153,30,18,40,5,0,0,0,0,0,0,0,0,2,65
35456,長井　　　　　　　　,38.105,140.015,210,30,159,206,114,0,0,0,0,0,0,0,0,24,518
35486,小国　　　　　　　　,38.078,139.735,140,30,234,269,220,32,0,0,0,0,0,0,0,53,804
35552,米沢　　　　　　　　,37.912,140.143,245,30,142,177,101,1,0,0,0,0,0,0,0,28,440
36056,茂庭　　　　　　　　,37.892,140.437,200,29,24,26,2,0,0,0,0,0,0,0,0,2,56
36127,福島　　　　　　　　,37.758,140.47,67,30,0,0,0,0,0,0,0,0,0,0,0,0,1
36251,西会津　　　　　　　,37.588,139.657,165,30,136,180,86,0,0,0,0,0,0,0,0,20,423
36276,猪苗代　　　　　　　,37.552,140.108,519,30,131,146,66,7,0,0,0,0,0,0,0,25,371
36342,金山　　　　　　　　,37.473,139.528,296,13,241,261,228,48,0,0,0,0,0,0,0,58,837
36361,若松　　　　　　　　,37.488,139.91,212,30,42,41,6,0,0,0,0,0,0,0,0,11,100
36426,只見　　　　　　　　,37.343,139.313,377,30,274,273,291,156,0,0,0,0,0,0,0,94,1086
36536,南郷　　　　　　　　,37.265,139.537,494,30,229,266,226,38,0,0,0,0,0,0,0,80,842
36562,湯本　　　　　　　　,37.277,140.063,646,30,134,205,91,1,0,0,0,0,0,0,0,18,451
36641,田島　　　　　　　　,37.207,139.795,544,30,113,162,66,2,0,0,0,0,0,0,0,20,364
36667,白河　　　　　　　　,37.132,140.215,355,30,1,2,0,0,0,0,0,0,0,0,0,0,3
36716,桧枝岐　　　　　　　,37.01,139.375,973,30,287,282,294,137,3,0,0,0,0,0,3,103,1110
40201,水戸　　　　　　　　,36.38,140.467,29,30,0,0,0,0,0,0,0,0,0,0,0,0,0
40336,つくば　　　　　　　,36.057,140.125,25,30,0,0,0,0,0,0,0,0,0,0,0,0,0
41011,那須高原　　　　　　,37.123,140.035,749,30,1,2,1,0,0,0,0,0,0,0,0,1,5
41116,土呂部　　　　　　　,36.892,139.568,925,30,69,143,60,0,0,0,0,0,0,0,0,6,285
41166,奥日光　　　　　　　,36.738,139.5,1292,30,7,11,10,0,0,0,0,0,0,0,0,0,28
41277,宇都宮　　　　　　　,36.548,139.868,119,30,0,0,0,0,0,0,0,0,0,0,0,0,0
42046,藤原　　　　　　　　,36.863,139.058,700,30,262,272,278,102,1,0,0,0,0,0,1,85,997
42091,みなかみ　　　　　　,36.773,138.965,524,30,201,248,190,14,0,0,0,0,0,0,0,48,696
42121,草津　　　　　　　　,36.617,138.592,1223,30,122,229,180,7,0,0,0,0,0,0,0,14,559
42251,前橋　　　　　　　　,36.405,139.06,112,30,0,0,0,0,0,0,0,0,0,0,0,0,0
43056,熊谷　　　　　　　　,36.15,139.38,30,30,0,0,0,0,0,0,0,0,0,0,0,0,0
43156,秩父　　　　　　　　,35.99,139.073,232,30,0,2,0,0,0,0,0,0,0,0,0,0,2
44132,東京　　　　　　　　,35.692,139.75,25,30,0,0,0,0,0,0,0,0,0,0,0,0,0
45147,銚子　　　　　　　　,35.738,140.857,20,30,0,0,0,0,0,0,0,0,0,0,0,0,0
45148,銚子　　　　　　　　,35.738,140.857,20,30,0,0,0,0,0,0,0,0,0,0,0,0,0
45212,千葉　　　　　　　　,35.602,140.103,3,30,0,0,0,0,0,0,0,0,0,0,0,0,0
46106,横浜　　　　　　　　,35.438,139.652,39,30,0,0,0,0,0,0,0,0,0,0,0,0,0
48031,野沢温泉　　　　　　,36.912,138.442,576,30,250,265,257,70,0,0,0,0,0,0,0,70,904
48061,信濃町　　　　　　　,36.808,138.197,685,30,174,227,139,1,0,0,0,0,0,0,0,31,568
48066,飯山　　　　　　　　,36.875,138.375,313,30,190,242,189,10,0,0,0,0,0,0,0,41,669
48097,小谷　　　　　　　　,36.822,137.93,550,30,213,252,237,44,0,0,0,0,0,0,0,51,784
48141,白馬　　　　　　　　,36.698,137.862,703,30,135,205,101,0,0,0,0,0,0,0,0,24,472
48156,長野　　　　　　　　,36.662,138.192,418,30,0,1,0,0,0,0,0,0,0,0,0,0,1
48191,大町　　　　　　　　,36.523,137.832,784,30,38,53,6,0,0,0,0,0,0,0,0,5,101
48216,菅平　　　　　　　　,36.532,138.325,1253,30,172,253,216,20,0,0,0,0,0,0,0,13,676
48331,軽井沢　　　　　　　,36.342,138.547,999,30,6,5,0,0,0,0,0,0,0,0,0,0,12
48361,松本　　　　　　　　,36.247,137.97,610,30,2,1,0,0,0,0,0,0,0,0,0,0,3
48491,諏訪　　　　　　　　,36.045,138.108,760,28,1,1,0,0,0,0,0,0,0,0,0,0,3
48531,開田高原　　　　　　,35.938,137.602,1130,30,67,163,91,1,0,0,0,0,0,0,0,4,334
48767,飯田　　　　　　　　,35.523,137.822,516,30,1,1,0,0,0,0,0,0,0,0,0,0,1
49142,甲府　　　　　　　　,35.667,138.553,273,30,0,1,0,0,0,0,0,0,0,0,0,0,1
49251,河口湖　　　　　　　,35.5,138.76,860,30,8,9,0,0,0,0,0,0,0,0,0,0,17
50331,静岡　　　　　　　　,34.975,138.403,14,30,0,0,0,0,0,0,0,0,0,0,0,0,0
51106,名古屋　　　　　　　,35.167,136.965,51,30,0,0,0,0,0,0,0,0,0,0,0,0,0
52041,河合　　　　　　　　,36.305,137.1,471,30,200,233,190,14,0,0,0,0,0,0,0,53,679
52051,神岡　　　　　　　　,36.322,137.308,455,30,127,185,78,0,0,0,0,0,0,0,0,27,406
52081,白川　　　　　　　　,36.273,136.897,478,30,219,243,202,19,0,0,0,0,0,0,0,72,752
52146,高山　　　　　　　　,36.155,137.253,560,30,24,26,3,0,0,0,0,0,0,0,0,8,61
52221,長滝　　　　　　　　,35.923,136.832,430,29,121,163,37,0,0,0,0,0,0,0,0,32,346
52381,樽見　　　　　　　　,35.638,136.602,190,30,45,46,2,0,0,0,0,0,0,0,0,14,107
52571,関ケ原　　　　　　　,35.363,136.467,130,24,7,2,0,0,0,0,0,0,0,0,0,5,13
52586,岐阜　　　　　　　　,35.4,136.762,13,30,0,0,0,0,0,0,0,0,0,0,0,0,0
53133,津　　　　　　　　　,34.733,136.518,3,30,0,0,0,0,0,0,0,0,0,0,0,0,0
54157,相川　　　　　　　　,38.028,138.24,6,30,0,0,0,0,0,0,0,0,0,0,0,0,0
54191,下関　　　　　　　　,38.092,139.563,33,30,99,166,53,1,0,0,0,0,0,0,0,16,336
54232,新潟　　　　　　　　,37.893,139.018,4,30,2,5,0,0,0,0,0,0,0,0,0,0,7
54296,新津　　　　　　　　,37.792,139.087,3,30,9,27,3,0,0,0,0,0,0,0,0,0,39
54421,津川　　　　　　　　,37.672,139.447,100,30,138,196,101,3,0,0,0,0,0,0,0,24,458
54501,長岡　　　　　　　　,37.45,138.823,23,30,89,136,36,0,0,0,0,0,0,0,0,13,274
54541,柏崎　　　　　　　　,37.352,138.553,7,30,13,26,1,0,0,0,0,0,0,0,0,0,41
54566,守門　　　　　　　　,37.347,139.043,222,30,275,274,291,154,7,0,0,0,0,0,0,98,1094
54616,小出　　　　　　　　,37.227,138.963,98,30,202,249,220,41,0,0,0,0,0,0,0,52,751
54651,高田　　　　　　　　,37.107,138.247,13,30,96,162,52,0,0,0,0,0,0,0,0,13,322
54661,安塚　　　　　　　　,37.107,138.457,126,30,189,236,190,32,0,0,0,0,0,0,0,38,679
54676,十日町　　　　　　　,37.143,138.727,170,30,241,261,248,72,0,0,0,0,0,0,0,69,890
54721,能生　　　　　　　　,37.083,138.023,55,30,98,156,44,0,0,0,0,0,0,0,0,14,288
54816,関山　　　　　　　　,36.933,138.222,350,30,223,255,218,28,0,0,0,0,0,0,1,67,784
54836,津南　　　　　　　　,36.997,138.683,452,30,281,276,285,155,3,0,0,0,0,0,1,114,1104
54841,湯沢　　　　　　　　,36.942,138.81,340,30,235,257,225,34,0,0,0,0,0,0,0,71,815
55022,朝日　　　　　　　　,36.937,137.563,43,30,8,11,0,0,0,0,0,0,0,0,0,1,21
55041,氷見　　　　　　　　,36.825,136.968,1,30,19,10,0,0,0,0,0,0,0,0,0,4,34
55056,魚津　　　　　　　　,36.822,137.428,48,30,24,24,0,0,0,0,0,0,0,0,0,5,57
55091,伏木　　　　　　　　,36.792,137.055,12,30,25,18,0,0,0,0,0,0,0,0,0,5,47
55102,富山　　　　　　　　,36.708,137.202,9,30,15,17,0,0,0,0,0,0,0,0,0,3,35
55141,砺波　　　　　　　　,36.61,136.955,69,30,27,36,0,0,0,0,0,0,0,0,0,6,69
55267,猪谷　　　　　　　　,36.473,137.237,215,30,135,179,47,0,0,0,0,0,0,0,0,34,399
56036,珠洲　　　　　　　　,37.447,137.287,4,30,10,9,0,0,0,0,0,0,0,0,0,0,19
56052,輪島　　　　　　　　,37.39,136.895,5,30,1,0,0,0,0,0,0,0,0,0,0,0,1
56146,七尾　　　　　　　　,37.03,136.992,58,30,5,2,0,0,0,0,0,0,0,0,0,1,9
56227,金沢　　　　　　　　,36.588,136.633,6,30,5,2,0,0,0,0,0,0,0,0,0,0,7
56286,白山河内　　　　　　,36.397,136.62,136,30,100,126,29,0,0,0,0,0,0,0,0,13,269
56301,加賀中津原　　　　　,36.262,136.397,65,30,69,99,19,0,0,0,0,0,0,0,0,9,196
57066,福井　　　　　　　　,36.055,136.222,9,30,16,16,0,0,0,0,0,0,0,0,0,6,38
57106,武生　　　　　　　　,35.905,136.173,32,30,20,23,0,0,0,0,0,0,0,0,0,6,53
57121,大野　　　　　　　　,35.972,136.497,182,30,74,100,12,0,0,0,0,0,0,0,0,17,190
57176,九頭竜　　　　　　　,35.908,136.668,436,30,194,231,192,17,0,0,0,0,0,0,0,54,687
57206,今庄　　　　　　　　,35.767,136.2,128,30,67,111,28,0,0,0,0,0,0,0,0,12,219
57248,敦賀　　　　　　　　,35.653,136.062,2,30,3,7,0,0,0,0,0,0,0,0,0,3,13
57317,小浜　　　　　　　　,35.483,135.782,10,30,3,5,0,0,0,0,0,0,0,0,0,0,8
60026,柳ケ瀬　　　　　　　,35.582,136.188,220,30,106,160,41,0,0,0,0,0,0,0,0,21,306
60051,今津　　　　　　　　,35.412,136.028,88,30,9,8,0,0,0,0,0,0,0,0,0,1,19
60102,米原　　　　　　　　,35.383,136.343,147,20,12,4,0,0,0,0,0,0,0,0,0,6,22
60131,彦根　　　　　　　　,35.275,136.243,87,30,1,0,0,0,0,0,0,0,0,0,0,0,1
61031,峰山　　　　　　　　,35.618,135.072,23,30,14,24,0,0,0,0,0,0,0,0,0,5,46
61111,舞鶴　　　　　　　　,35.45,135.317,2,30,2,4,0,0,0,0,0,0,0,0,0,1,6
61206,美山　　　　　　　　,35.275,135.55,200,30,1,1,0,0,0,0,0,0,0,0,0,2,4
61286,京都　　　　　　　　,35.013,135.732,41,30,0,0,0,0,0,0,0,0,0,0,0,0,0
62078,大阪　　　　　　　　,34.682,135.518,23,30,0,0,0,0,0,0,0,0,0,0,0,0,0
63016,香住　　　　　　　　,35.625,134.627,5,30,7,17,0,0,0,0,0,0,0,0,0,3,28
63051,豊岡　　　　　　　　,35.535,134.822,3,30,9,18,0,0,0,0,0,0,0,0,0,2,29
63071,兎和野高原　　　　　,35.432,134.583,540,15,185,166,94,0,0,0,0,0,0,0,0,35,471
63121,和田山　　　　　　　,35.323,134.848,80,30,1,1,0,0,0,0,0,0,0,0,0,0,3
63518,神戸　　　　　　　　,34.697,135.212,5,30,0,0,0,0,0,0,0,0,0,0,0,0,0
64036,奈良　　　　　　　　,34.673,135.837,102,30,0,0,0,0,0,0,0,0,0,0,0,0,0
65042,和歌山　　　　　　　,34.228,135.163,14,30,0,0,0,0,0,0,0,0,0,0,0,0,0
66046,上長田　　　　　　　,35.297,133.725,430,30,64,102,29,0,0,0,0,0,0,0,0,12,207
66091,千屋　　　　　　　　,35.103,133.435,525,30,19,25,1,0,0,0,0,0,0,0,0,8,55
66136,今岡　　　　　　　　,35.098,134.325,207,30,0,0,0,0,0,0,0,0,0,0,0,1,1
66186,津山　　　　　　　　,35.063,134.008,146,30,0,0,0,0,0,0,0,0,0,0,0,0,0
66408,岡山　　　　　　　　,34.685,133.925,5,30,0,0,0,0,0,0,0,0,0,0,0,0,0
67016,高野　　　　　　　　,35.033,132.902,570,30,97,127,31,0,0,0,0,0,0,0,0,19,284
67136,八幡　　　　　　　　,34.708,132.173,774,30,159,179,97,1,0,0,0,0,0,0,0,39,486
67151,大朝　　　　　　　　,34.768,132.463,399,30,13,16,0,0,0,0,0,0,0,0,0,5,35
67437,広島　　　　　　　　,34.398,132.462,4,30,0,0,0,0,0,0,0,0,0,0,0,0,0
68022,西郷　　　　　　　　,36.203,133.333,27,30,0,0,0,0,0,0,0,0,0,0,0,0,0
68132,松江　　　　　　　　,35.457,133.065,17,30,0,0,0,0,0,0,0,0,0,0,0,0,1
68276,横田　　　　　　　　,35.173,133.103,369,30,36,30,1,0,0,0,0,0,0,0,0,8,74
68306,赤名　　　　　　　　,35.002,132.712,444,30,57,60,2,0,0,0,0,0,0,0,0,12,135
68401,瑞穂　　　　　　　　,34.853,132.53,327,30,15,12,0,0,0,0,0,0,0,0,0,5,32
68431,弥栄　　　　　　　　,34.777,132.108,380,30,13,7,0,0,0,0,0,0,0,0,0,4,24
69006,境　　　　　　　　　,35.543,133.235,2,30,1,1,0,0,0,0,0,0,0,0,0,0,2
69076,米子　　　　　　　　,35.433,133.338,7,30,1,0,0,0,0,0,0,0,0,0,0,0,1
69101,倉吉　　　　　　　　,35.473,133.838,8,30,0,1,0,0,0,0,0,0,0,0,0,0,1
69122,鳥取　　　　　　　　,35.487,134.238,7,30,4,6,0,0,0,0,0,0,0,0,0,0,11
69152,大山　　　　　　　　,35.393,133.537,875,30,224,265,193,28,0,0,0,0,0,0,0,67,773
69246,智頭　　　　　　　　,35.263,134.24,182,30,13,14,0,0,0,0,0,0,0,0,0,1,26
71106,徳島　　　　　　　　,34.067,134.573,2,30,0,0,0,0,0,0,0,0,0,0,0,0,0
72086,高松　　　　　　　　,34.318,134.053,9,30,0,0,0,0,0,0,0,0,0,0,0,0,0
73166,松山　　　　　　　　,33.843,132.777,32,30,0,0,0,0,0,0,0,0,0,0,0,0,0
74181,高知　　　　　　　　,33.567,133.548,1,30,0,0,0,0,0,0,0,0,0,0,0,0,0
74182,高知　　　　　　　　,33.567,133.548,1,30,0,0,0,0,0,0,0,0,0,0,0,0,0
81286,山口　　　　　　　　,34.162,131.462,18,30,0,0,0,0,0,0,0,0,0,0,0,0,0
81428,下関　　　　　　　　,33.948,130.925,3,30,0,0,0,0,0,0,0,0,0,0,0,0,0
82182,福岡　　　　　　　　,33.582,130.375,3,30,0,0,0,0,0,0,0,0,0,0,0,0,0
83216,大分　　　　　　　　,33.235,131.618,5,30,0,0,0,0,0,0,0,0,0,0,0,0,0
84496,長崎　　　　　　　　,32.733,129.867,27,30,0,0,0,0,0,0,0,0,0,0,0,0,0
85142,佐賀　　　　　　　　,33.265,130.305,6,30,0,0,0,0,0,0,0,0,0,0,0,0,0
86141,熊本　　　　　　　　,32.813,130.707,38,30,0,0,0,0,0,0,0,0,0,0,0,0,0
87376,宮崎　　　　　　　　,31.938,131.413,9,30,0,0,0,0,0,0,0,0,0,0,0,0,0
88317,鹿児島　　　　　　　,31.555,130.547,4,30,0,0,0,0,0,0,0,0,0,0,0,0,0
